,Num data,lr_1,lr_2,lr_3,lr_4,lr_5,lr_6,lr_7,lr_8,lr_9,lr_10
0,10.0,0.14403141492729932,0.14403141492729932,0.14403141492729932,0.5253752199030659,0.6186561950242335,0.23731239004846705,0.14403141492729932,0.14403141492729932,0.6186561950242335,0.14403141492729932
1,100.0,0.14403141492729932,0.1610436290533138,0.06776265393214617,0.3347033174151825,0.08477486805816055,0.29656893691760605,0.182165795424876,0.14403141492729932,0.22030017592245268,0.14403141492729932
2,1000.0,0.04282704951082619,0.01613298316252252,0.010561083185781155,0.12496422467851098,0.0657076778093722,0.11528237245622178,0.08096143000840288,0.02200139733505416,0.11352391052923798,0.05632233978287317
3,10000.0,0.042975306608721335,0.03496708670423006,0.03725514953408483,0.04144993138881822,0.05746637119780034,0.042975306608721335,0.04640740085350306,0.051364870318188115,0.04564471324355161,0.05670368358784889
