,Num data,lr_1,lr_2,lr_3,lr_4,lr_5,lr_6,lr_7,lr_8,lr_9,lr_10
0,10.0,0.6186561950242335,0.14403141492729932,0.23731239004846705,0.14403141492729932,0.23731239004846705,0.23731239004846705,0.5253752199030659,0.6186561950242335,0.14403141492729932,0.6186561950242335
1,100.0,0.19917800955089046,0.23731239004846705,0.182165795424876,0.08477486805816055,0.029628273434569495,0.10589703442972265,0.14403141492729932,0.23731239004846705,0.14403141492729932,0.008506107063007183
2,1000.0,0.11909581050597945,0.10765549635670645,0.11528237245622178,0.05045392561034153,0.061894239759614535,0.11146893440646412,0.07333455390888755,0.046640487560583865,0.05808080170985687,0.01613298316252252
3,10000.0,0.08477486805816055,0.07485992912879054,0.08744427469299082,0.08058008620342705,0.08172411761835444,0.10574877733182772,0.1267226866054948,0.07257186629893599,0.05579273888000231,0.07524127293376637
4,100000.0,0.07611836368521056,0.08187665514034467,0.09045689075229943,0.09213480349419279,0.07680478253416699,0.0864527808000539,0.08481300243865805,0.0873680059319957,0.08092329562790526,0.07939792040800216
