lr_1,lr_2,lr_3,lr_4,lr_5,lr_6
0.10755243694136642,0.08979775581433569,0.14406743690355683,0.159167225141366,0.09935881601558144,0.0310639889110273
