,Num data,lr_1,lr_2,lr_3,lr_4,lr_5,lr_6,lr_7,lr_8,lr_9,lr_10
0,500000.0,0.03716362702089056,0.03674414883541722,0.03505860921742433,0.03557723679219148,0.038528837842703896,0.0381246134094296,0.039566092992237956,0.03697295511840269,0.03676702946371579,0.04486677188140112
1,9500000.0,0.03606656110615496,0.03638688990233471,0.03593168582355306,0.036628541450329934,0.03614925249965506,0.0370560479264342,0.03581407136580788,0.035819289754718105,0.03701149091343172,0.03726879762815761
2,99500000.0,0.03637606583009193,0.03641826276770775,0.03666669196809509,0.03649844078177899,0.036341304138522726,0.036415809903032545,0.036677538229080826,0.03625844330371288,0.036334367130613214,0.0365353870559495
3,999500000.0,0.036549802754998396,0.03644874187749768,0.036574579610121186,0.03658837590025418,0.03661327103109423,0.03647492277984639,0.036509619533847786,0.03649042071417153,0.03645082887160808,0.036566502523226456
